Organization,Job/Internship Title,Role Category,Link to Apply or Handshake Job ID,Full-Time ,Internship,Application Deadline if Listed,Date Added to S/S
Apple,SAP Full Stack Developer,Software,https://jobs.apple.com/en-us/details/200674498-3715/sap-full-stack-developer?team=SFTWR,X,,,8/4/26
Apple,SAP BTP Full-Stack Engineer,Software,https://jobs.apple.com/en-us/details/200675157-3715/sap-btp-full-stack-engineer?team=SFTWR,X,,,8/4/26
Alarm,Product Manager II,Product,https://job-boards.greenhouse.io/alarmcom/jobs/8653407002,X,,,8/4/26
Avery Dennison,Product Manager,Product,https://jobs.smartrecruiters.com/AveryDennison/744000141318079-product-manager,X,,,8/4/26
Warner Music Group,Data Scientist,Data,https://wmg.wd1.myworkdayjobs.com/wmgus/job/USA---New-York---1633-Broadway/Data-Scientist_R-028038,X,,,8/4/26
Capital One,"Sr. Associate, Data Scientist ",Data,https://capitalone.wd12.myworkdayjobs.com/capital_one/job/McLean-VA/Senior-Associate--Data-Scientist----Consumer-Credit-Risk-Models-and-Data_R247897-1,X,,,8/4/26
FedEx,Data Scientist I and II (GCP & AI Engineer),Data,https://fedex.paradox.ai/co/FederalExpressCorporation41/Job?job_id=P25-236906-3,X,,,8/4/26
Petco,"Analyst, Business Intelligence",BI/Analytics,https://petco.wd504.myworkdayjobs.com/external/job/NSC/Analyst--Business-Intelligence---Stores---Services_R369042,X,,,8/4/26
Astreya,Business Intelligence Analyst,BI/Analytics,https://astreya.wd5.myworkdayjobs.com/life-at-astreya-opportunities/job/Remote-WA/Business-Intelligence-Analyst_R0016645,X,,8/31/26,8/5/26
University of Utah Health ,Business Intelligence Analyst,BI/Analytics,https://careers-uuhc.icims.com/jobs/85105/business-intelligence-analyst/job?mobile=false&width=850&height=500&bga=true&needsRedirect=false&jan1offset=-300&jun1offset=-240,X,,,8/5/26
ByteDance,Security Software Engineer Graduate,Security,https://joinbytedance.com/search/7668614787018393909,X,,,8/4/26
Erie Insurance,IT Info Security Specialist/Sr.,Security,https://jobs.erieinsurance.com/job/Erie-IT-Info-Security-SpecialistSr-PA-16530/1415219200/,X,,,8/4/26
Capital One,Cyber Security Internship Program,Security,https://capitalone.wd12.myworkdayjobs.com/capital_one/job/McLean-VA/Cyber-Security-Internship-Program---Summer-2027_R244319,,X,,8/4/26
Jane Street,Cybersecurity Analyst Internship,Security,https://www.janestreet.com/join-jane-street/position/8632723002/,,X,,8/4/26
New York Life,"2027 Technology, Data, AI & Ventures Intern",Data,https://careers.newyorklife.com/careers/?query=94552&location=any&domain=newyorklife.com&sort_by=relevance&triggerGoButton=false,,X,,8/6/26
TikTok,Data Science Intern,Data,https://lifeattiktok.com/search/7669682935444900149?utm_source=Simplify,,X,,8/4/26
Boeing,Data Analytics Intern,Data,https://boeing.wd1.myworkdayjobs.com/EXTERNAL_CAREERS/job/USA---Everett-WA/Boeing-Summer-2027-Internship-Program--Paid----Data-Analytics-Intern_JR2026520976-1?utm_source=Simplify&ref=Simplify,,X,10/23/26,8/6/26
EY,Tech Consulting - Cybersecurity Privacy -Identity Verification Engineer - Senior - Location Open,Consulting,https://careers.ey.com/ey/job/Dallas-Tech-Consulting-Cybersecurity-Privacy-Identity-Verification-Engineer-Senior-Location-Open-TX-75219/1413552633/?feedId=337401&utm_source=LinkedInJobPostings&utm_campaign=j2w_linkedin,X,,,8/6/26
Confluence,AI Solutions Architect,AI,https://confluence.pinpointhq.com/postings/d3a9f9ef-08c0-465d-88dd-342362b0df1f,X,,,8/6/26
Accenture,Google Agentic AI Delivery Senior Engineer,Consulting,https://www.accenture.com/us-en/careers/jobdetails?id=R00336595_en&src=LINKEDINJP,X,,,8/6/26
Ellwood,AI Innovation Engineer,AI,https://recruiting.ultipro.com/ELL1002/JobBoard/c52df457-6e46-132d-e53c-62fad57cb087/OpportunityDetail?opportunityId=c4b66c36-b413-4de3-ac39-aea50ed31389&source=LinkedIn,X,,,8/6/26
PNC,Business Analytics Consultant - PNC Wealth Management,Consulting,https://careers.pnc.com/global/en/job/PNC1GLOBALR231855/Business-Analytics-Consultant-PNC-Wealth-Management?utm_source=symphonytalentmpx&utm_medium=phenom-feeds&Codes=11663&source=LinkedIn,X,,,8/6/26
Deloitte,Agentic Capability AI and Data Science Engineer,AI,https://apply.deloitte.com/en_US/careers/InviteToApply?jobId=358006&source=LinkedIn,X,,,8/6/26
ACA Group,Python/AI Product Engineer,AI,https://careers.acaglobal.com/job/Durham-PythonAI-Product-Engineer-NC/1393946300/?utm_source=LINKEDIN&utm_medium=referrer,X,,,8/6/26
pwc,Applied AI Health Data System Engineer-Senior Manager,AI,https://jobs.us.pwc.com/job/-/-/932/94857542832?utm_source=linkedin.com&utm_campaign=core_media&utm_medium=social_media&utm_content=job_posting&ss=paid&gad_source=7&dclid=CMDz_Z3GjJYDFfo3aAgdo9k78w,X,,,8/6/26
Air,Senior Machine Learning Engineer,Machine Learning,https://job-boards.greenhouse.io/air/jobs/4062802009?gh_src=03yn673x9us,X,,,8/6/26
LA Times,Cybersecurity Engineer,Security,https://jobs.dayforcehcm.com/en-US/nantmedia/candidateportal/jobs/1610,X,,,8/12/26
Amex Tech ,Cybersecurity Engineer II ,Security,https://egug.fa.us2.oraclecloud.com/hcmUI/CandidateExperience/en/sites/CX_1/job/26009957,X,,8/18/26,8/12/26
LBMC,IT Audit Staff Consultant - 2027,Security,https://secure8.entertimeonline.com/ta/LBMCPC.careers?ShowJob=721958914,X,,,8/13/26
FanDuel,Data Scientist,Data,https://www.fanduel.careers/jobs/fanduel/data-scientist/?gh_jid=8120545,X,,,8/12/26
Adobe,Data Scientist,Data,https://adobe.wd5.myworkdayjobs.com/external_experienced/job/Seattle/Data-Scientist_R170880-1,X,,,8/12/26
Brighton Jones,Business Intelligence Analyst,BI/Analytics,https://jobs.lever.co/brightonjones/1e35c875-0676-4a5a-b52b-0131c6f40c69,X,,,8/12/26
University of Utah,Business Intelligence Analyst,BI/Analytics,https://utah.peopleadmin.com/postings/206905,X,,,8/12/26
LPL Financial,Summer Intern 2027- Cybersecurity,Security,https://lplfinancial.wd1.myworkdayjobs.com/university/job/Fort-MillCharlotte/Summer-Intern-2027--Cybersecurity_R-052919,,X,9/21/26,8/12/26
BDO (Dallas),"Assurance Intern, Technology Risk Assurance",Security/Risk,https://ebqb.fa.us2.oraclecloud.com/hcmUI/CandidateExperience/en/sites/BDOEntryLevelCareers/job/13197,,X,,8/12/26
NYC Department of Finance,Data Analytics Grad Intern,Data,https://jobs.smartrecruiters.com/CityOfNewYork/3743990014532131-data-analytics-grad-intern,,X,,8/12/26
ByteDance,Data Lake Infrastructure & Data Analytics Research Engineer Intern,Data,https://joinbytedance.com/search/7671109787509213445,,X,,8/12/26
LPL Financial,Business Analyst and Project Management Intern,BI/Analytics,https://lplfinancial.wd1.myworkdayjobs.com/en-US/University/job/Fort-MillCharlotte/Summer-Intern-2027--Business-Analyst-and-Project-Management_R-052922,,X,9/21/26,8/12/26
Feed Energy,AI & Data Intern,Data,https://recruiting.paylocity.com/Recruiting/Jobs/Details/4407501,,X,,8/13/26
TikTok,Search Security Strategy Operations Intern,Security,https://lifeattiktok.com/search/7670729943510829317,,X,,8/13/26
Deloitte,Google AI Architect,AI,https://apply.deloitte.com/en_US/careers/InviteToApply?jobId=362202&,X,,,8/13/26
AIR,"AI Engineer, Internal Enablement & Productivity",AI,https://job-boards.greenhouse.io/air/jobs/4163985009?gh_src=03yn673x9us,X,,,8/13/26
NVIDIA,Applied AI Engineer,AI,https://nvidia.wd5.myworkdayjobs.com/NVIDIAExternalCareerSite/job/US-CA-Remote/Applied-AI-Engineer_JR2018181-1?source=jobboardlinkedin,X,,,8/13/26
Confluence,AI Solutions Architect,AI,https://confluence.pinpointhq.com/en/postings/d3a9f9ef-08c0-465d-88dd-342362b0df1f,X,,,8/13/26
Crowe,AI-Enabled Senior Consultant – Technology Advisory,Consulting,https://careers.crowe.com/job/CROCROUSR51759EXTERNALENUS/AI-Enabled-Senior-Consultant-Technology-Advisory?utm_source=linkedin&utm_medium=phenom-feeds,X,,,8/13/26
pwc,NGA AI Engineer Manager,Consulting,https://jobs-us.pwc.com/us/en/job/PUVPUIUS712328WDEXTERNALENUS/NGA-AI-Engineer-Manager?utm_source=linkedin&utm_medium=phenom-feeds&utm_campaign=core_media&utm_medium=social_media&utm_content=job_posting&ss=paid&gad_source=7&dclid=CJyWm5P0nZYDFdDazgAddgooaA,X,,,8/13/26
Deloitte,Technology Strategy Senior Consultant,Consulting,https://apply.deloitte.com/en_US/careers/InviteToApply?jobId=354352&,X,,,8/13/26
UpGuard,Senior Implementation Consultant,Consulting,https://jobs.ashbyhq.com/upguard/189dda31-db45-442d-82f0-392e67260fa9?utm_source=LinkedInApplied,X,,,8/13/26
LuluLemon,AI/ML Engineer,Machine Learning,https://careers.lululemon.com/en_US/careers/JobDetail/AI-ML-Engineer/62447?source=LinkedIn&src=LinkedIn,X,,,8/13/26
Adobe,Machine Learning Engineer,Machine Learning,https://careers.adobe.com/us/en/job/ADOBUSR167407EXTERNALENUS/Machine-Learning-Engineer?utm_source=linkedin&utm_medium=phenom-feeds&source=LinkedIn,X,,,8/13/26
pwc,US Tech - AI Engineering Senior Associate,AI,https://jobs-us.pwc.com/us/en/job/PUVPUIUS698808WDEXTERNALENUS/US-Tech-AI-Engineering-Senior-Associate?utm_source=linkedin&utm_medium=phenom-feeds&utm_campaign=core_media&utm_medium=social_media&utm_content=job_posting&ss=paid&gad_source=7&dclid=CMzbuKj4nZYDFZcAaAgdihUsgQ,X,,,8/13/26
State of California,Software Developer,Software,https://calcareers.ca.gov/CalHrPublic/Jobs/JobPosting.aspx?JobControlId=526434,X,,,8/13/26
Naval Nuclear Laboratory,Software Developer (Cloud Engineer),Software,https://career-hcm03.ns2cloud.com/sfcareer/jobreqcareer?jobId=8425&company=NNLHCM03,X,,,8/13/26
Dick's Sporting Goods Inc.,Product Manager II - Digital Fraud,Product,https://www.dickssportinggoods.jobs/job/product-manager-ii-digital-fraud/remote/202608445/,X,,,8/13/26
Roblox,"Software Engineer, User Frameworks",Software,https://careers.roblox.com/jobs/8080438?gh_jid=8080438,X,,,8/13/26
Roblox,Software Engineer Intern (Summer 2027),Software,https://careers.roblox.com/jobs/8072713?gh_jid=8072713,,X,,8/13/26
Quad,Software Development Intern,Software,https://ebud.fa.us2.oraclecloud.com/hcmUI/CandidateExperience/en/sites/CX_1/job/41045/?utm_medium=jobshare&utm_source=External+Job+Share,,X,,8/13/26
Autodesk,Product Manager  ,Product,https://autodesk.wd1.myworkdayjobs.com/Ext/job/San-Francisco-CA-USA/Product-Manager_26WD100504,X,,,8/13/26
American Financial Group,Technical Product Manager - API,Product,https://gaig.wd1.myworkdayjobs.com/GAIG_External/job/Cincinnati-OH-USA/Technical-Product-Manager---API_R9366,X,,,8/13/26
Clearview Federal Credit Union,Technical Product Manager I ,Product,https://www.indeed.com/viewjob?jk=2714f2040705c468,X,,,8/13/26
TikTok,Software Engineer Graduate - 2027 Start,Software,https://lifeattiktok.com/search/7673284715407886597?spread=5MWH5CQ,X,,,8/13/26
TikTok,Product Operations Intern - 2027 Summer,Product,https://lifeattiktok.com/search/7669705525866383621?utm_source=Simplify,,X,,8/13/26